firstName,lastName,date
Delilah,Gardner,"October 28th, 2021"
Heather,Cherry,"September 24th, 2020"
Katelyn,Ramos,"January 26th, 2021"
Hop,Serrano,"March 22nd, 2021"
Camilla,Price,"February 17th, 2021"
Naomi,Murray,"February 27th, 2020"
Mufutau,Chen,"February 9th, 2021"
Randall,Huffman,"April 14th, 2020"
Austin,Baird,"April 30th, 2021"
Emerson,Wheeler,"October 31st, 2021"
Sybill,Baird,"October 29th, 2020"
Boris,Vinson,"April 27th, 2020"
Evangeline,Bates,"February 9th, 2020"
Haley,Simpson,"November 28th, 2021"
Orli,Smith,"February 19th, 2020"
Latifah,Martin,"January 24th, 2021"
Oren,Wynn,"October 23rd, 2021"
Stuart,Chaney,"January 14th, 2020"
Arden,Farley,"December 2nd, 2021"
Graham,Howell,"June 24th, 2021"
Malcolm,Wong,"March 14th, 2020"
Ezekiel,Burton,"April 26th, 2020"
McKenzie,Chavez,"September 1st, 2021"
Flavia,Salas,"May 15th, 2020"
Justin,Martin,"October 20th, 2021"
Germaine,Cummings,"November 18th, 2020"
Malcolm,Boone,"December 12th, 2021"
Price,Ramsey,"March 14th, 2020"
Marvin,Herrera,"November 11th, 2020"
Ignacia,Salas,"November 28th, 2021"
Sawyer,Melton,"December 2nd, 2021"
Mollie,Tate,"October 5th, 2021"
Alika,Mueller,"October 30th, 2021"
Murphy,Cooper,"March 13th, 2021"
Samuel,Reese,"June 21st, 2020"
Bree,Bowen,"January 22nd, 2020"
Destiny,Wong,"June 26th, 2021"
Jeremy,Macdonald,"November 18th, 2020"
Stuart,Bartlett,"February 23rd, 2020"
Warren,Schmidt,"December 18th, 2021"
Imelda,Copeland,"May 12th, 2020"
Sierra,Shaffer,"October 23rd, 2021"
Ruth,Velazquez,"November 19th, 2020"
Veronica,Holden,"September 28th, 2021"
Denton,Livingston,"January 1st, 2021"
Lucas,Holt,"May 1st, 2021"
Jaden,Bullock,"January 8th, 2020"
Shaeleigh,Baxter,"April 10th, 2021"
Odysseus,Ramirez,"August 2nd, 2021"
Merritt,Henson,"March 23rd, 2020"
Colt,Gould,"May 4th, 2021"
Daphne,Bentley,"May 13th, 2020"
Leigh,Little,"June 19th, 2020"
Fleur,Oconnor,"July 23rd, 2021"
Uriah,Davidson,"July 3rd, 2021"
Phillip,Dunn,"March 13th, 2020"
Bruno,Acevedo,"January 25th, 2021"
Nadine,Wright,"December 22nd, 2019"
Tyler,Clay,"April 11th, 2020"
Daryl,Barnett,"November 25th, 2020"
Pearl,Orr,"October 9th, 2020"
Micah,Nielsen,"May 21st, 2020"
Joan,Mcgowan,"October 11th, 2021"
Mason,Ballard,"October 13th, 2020"
Yvonne,Goodwin,"August 13th, 2020"
Alvin,Oneill,"November 6th, 2020"
Isabella,Moss,"September 30th, 2021"
Lewis,Carey,"August 6th, 2021"
Lance,Puckett,"November 29th, 2021"
Francesca,Randolph,"April 15th, 2020"
Gray,Mcgee,"December 19th, 2020"
Jena,Turner,"August 26th, 2020"
Lyle,Glass,"December 28th, 2020"
Peter,Pena,"May 10th, 2020"
Ima,Cooley,"December 28th, 2020"
Hall,Koch,"August 4th, 2021"
Emmanuel,Webster,"March 17th, 2020"
Iona,Kinney,"July 19th, 2020"
Richard,Rhodes,"May 20th, 2020"
Mari,Underwood,"June 3rd, 2020"
Nola,Grant,"June 18th, 2020"
Kylynn,Parrish,"April 26th, 2020"
Randall,Jones,"October 21st, 2021"
Amaya,Riley,"September 21st, 2021"
Aquila,Yates,"October 25th, 2021"
Alana,Phelps,"August 9th, 2020"
Elliott,Mcmillan,"December 8th, 2020"
Octavia,Hester,"February 4th, 2020"
Josiah,Wells,"January 10th, 2021"
Vernon,Brown,"April 5th, 2021"
Lucas,Blair,"August 15th, 2020"
Coby,Branch,"April 16th, 2020"
Claire,Rodriguez,"October 12th, 2021"
Amber,Jackson,"February 6th, 2020"
Linda,Paul,"May 29th, 2021"
Ann,Lewis,"January 21st, 2020"
September,Rosario,"July 26th, 2020"
Madeson,Kirk,"August 30th, 2020"
Kim,Everett,"January 21st, 2021"
Margaret,Holmes,"April 5th, 2020"